provincia,distrito,ubigeo
Ayabaca,Ayabaca,200201
Ayabaca,Frias,200202
Ayabaca,Jilili,200203
Ayabaca,Lagunas,200204
Ayabaca,Montero,200205
Ayabaca,Pacaipampa,200206
Ayabaca,Paimas,200207
Ayabaca,Sapillica,200208
Ayabaca,Sicchez,200209
Ayabaca,Suyo,200210
Huancabamba,Canchaque,200302
Huancabamba,El Carmen de la Frontera,200303
Huancabamba,Huancabamba,200301
Huancabamba,Huarmaca,200304
Huancabamba,Lalaquiz,200305
Huancabamba,San Miguel de El Faique,200306
Huancabamba,Sondor,200307
Huancabamba,Sondorillo,200308
Morropón,Buenos Aires,200402
Morropón,Chalaco,200403
Morropón,Chulucanas,200401
Morropón,La Matanza,200404
Morropón,Morropon,200405
Morropón,Salitral,200406
Morropón,San Juan de Bigote,200407
Morropón,Santa Catalina de Mossa,200408
Morropón,Santo Domingo,200409
Morropón,Yamango,200410
Paita,Amotape,200502
Paita,Arenal,200503
Paita,Colan,200504
Paita,La Huaca,200505
Paita,Paita,200501
Paita,Tamarindo,200506
Paita,Vichayal,200507
Piura,Castilla,200104
Piura,Catacaos,200105
Piura,Cura Mori,200107
Piura,El Tallán,200108
Piura,La Arena,200109
Piura,La Unión,200110
Piura,Las Lomas,200111
Piura,Piura,200101
Piura,Tambo Grande,200114
Piura,Veintiséis de Octubre,200115
Sechura,Bellavista de la Union,200802
Sechura,Bernal,200803
Sechura,Cristo Nos Valga,200804
Sechura,Rinconada Llicuar,200806
Sechura,Sechura,200801
Sechura,Vice,200805
Sullana,Bellavista,200602
Sullana,Ignacio Escudero,200603
Sullana,Lancones,200604
Sullana,Marcavelica,200605
Sullana,Miguel Checa,200606
Sullana,Querecotillo,200607
Sullana,Salitral_s,200608
Sullana,Sullana,200601
Talara,El Alto,200702
Talara,La Brea,200703
Talara,Lobitos,200704
Talara,Los Organos,200705
Talara,Mancora,200706
Talara,Pariñas,200701
