provincia,distrito,lat,lon,distrito_key,id_distrito
Ayabaca,Ayabaca,-4.682491281117426,-79.60753813379036,AYABACA,1
Ayabaca,Frias,-4.926884419381713,-79.97174557984557,FRIAS,2
Ayabaca,Jilili,-4.532490342697778,-79.83094178709514,JILILI,3
Ayabaca,Lagunas,-4.781412587161838,-79.85427167357354,LAGUNAS,4
Ayabaca,Montero,-4.638460795388422,-79.84549153667989,MONTERO,5
Ayabaca,Pacaipampa,-4.946465020592843,-79.64900877707264,PACAIPAMPA,6
Ayabaca,Paimas,-4.637143889318308,-80.00476747046342,PAIMAS,7
Ayabaca,Sapillica,-4.783326843786261,-79.99078299546508,SAPILLICA,8
Ayabaca,Sicchez,-4.571620852264955,-79.77694492099276,SICCHEZ,9
Ayabaca,Suyo,-4.461049229596101,-80.06267979523925,SUYO,10
Huancabamba,Canchaque,-5.311900011841587,-79.62583232770984,CANCHAQUE,11
Huancabamba,El Carmendela Frontera,-5.022867296729532,-79.37098327164054,EL CARMENDELA FRONTERA,12
Huancabamba,Huancabamba,-5.196528609507893,-79.49703769944165,HUANCABAMBA,13
Huancabamba,Huarmaca,-5.695054078002413,-79.56113083882424,HUARMACA,14
Huancabamba,Lalaquiz,-5.171784259804889,-79.66483712087808,LALAQUIZ,15
Huancabamba,San Miguelde El Faique,-5.424599964988281,-79.60431329202517,SAN MIGUELDE EL FAIQUE,16
Huancabamba,Sondor,-5.4045389265834975,-79.36171494891751,SONDOR,17
Huancabamba,Sondorillo,-5.3981705583960125,-79.45970247018252,SONDORILLO,18
Morropón,Buenos Aires,-5.2645788779909735,-79.9249107753795,BUENOS AIRES,19
Morropón,Chalaco,-5.066544448988129,-79.79287505545243,CHALACO,20
Morropón,Chulucanas,-5.11621882823731,-80.1939982521678,CHULUCANAS,21
Morropón,La Matanza,-5.368114782469894,-80.08257488651667,LA MATANZA,22
Morropón,Morropon,-5.152935928770654,-79.99779960504752,MORROPON,23
Morropón,Salitral,-5.437083131504569,-79.82763400808247,SALITRAL,24
Morropón,San Juande Bigote,-5.295444534831555,-79.74120451303666,SAN JUANDE BIGOTE,25
Morropón,Santa Catalinade Mossa,-5.126180669593226,-79.87573041665601,SANTA CATALINADE MOSSA,26
Morropón,Santo Domingo,-5.053116239023882,-79.91068193218807,SANTO DOMINGO,27
Morropón,Yamango,-5.156342557949724,-79.76968655073506,YAMANGO,28
Paita,Amotape,-4.836342914242063,-81.0068972669283,AMOTAPE,29
Paita,Arenal,-4.8996990381835985,-81.02889919655017,ARENAL,30
Paita,Colan,-4.930651344084225,-81.06968009894356,COLAN,31
Paita,La Huaca,-5.064133495298596,-80.91067849571964,LA HUACA,32
Paita,Paita,-5.172234464787438,-81.0531904951948,PAITA,33
Paita,Tamarindo,-4.838436967957882,-80.96229576331177,TAMARINDO,34
Paita,Vichayal,-4.838727450466249,-81.10738709268067,VICHAYAL,35
Piura,Castilla,-5.129581766074218,-80.51397926398153,CASTILLA,36
Piura,Catacaos,-5.490670357384373,-80.33399039720615,CATACAOS,37
Piura,Cura Mori,-5.356027177316912,-80.59250009593666,CURA MORI,38
Piura,El Tallán,-5.4388480278343065,-80.61244921887108,EL TALLAN,39
Piura,La Arena,-5.310907163427868,-80.7627504281328,LA ARENA,40
Piura,La Unión,-5.332079899143363,-80.84365128603565,LA UNION,41
Piura,Las Lomas,-4.6892884587647545,-80.21427633439775,LAS LOMAS,42
Piura,Piura,-5.082990444101554,-80.6680783523079,PIURA,43
Piura,Tambo Grande,-4.918415419228342,-80.33254140244857,TAMBO GRANDE,44
Sechura,Bellavistadela Union,-5.425568867148273,-80.74107362760645,BELLAVISTADELA UNION,45
Sechura,Bernal,-5.461007615846231,-80.69984505713788,BERNAL,46
Sechura,Cristo Nos Valga,-5.535009091649775,-80.64045221322672,CRISTO NOS VALGA,47
Sechura,Rinconada Llicuar,-5.481988673724504,-80.77428805679261,RINCONADA LLICUAR,48
Sechura,Sechura,-5.922105860356074,-80.66292776651619,SECHURA,49
Sechura,Vice,-5.422271490086135,-80.87656064628855,VICE,50
Sullana,Bellavista,-4.891352418757561,-80.67413461397204,BELLAVISTA,51
Sullana,Ignacio Escudero,-4.827264454348968,-80.88485221683365,IGNACIO ESCUDERO,52
Sullana,Lancones,-4.423778651526172,-80.50041453490633,LANCONES,53
Sullana,Marcavelica,-4.537518387682198,-80.78461385635057,MARCAVELICA,54
Sullana,Miguel Checa,-5.0501811564905195,-80.7859823060465,MIGUEL CHECA,55
Sullana,Querecotillo,-4.724284026202472,-80.60316472643424,QUERECOTILLO,56
Sullana,Salitral,-4.838422381966585,-80.68292437822754,SALITRAL,57
Sullana,Sullana,-4.807026070337888,-80.52990107200851,SULLANA,58
Talara,El Alto,-4.291453187278919,-81.08063035809855,EL ALTO,59
Talara,La Brea,-4.704210108257532,-81.10805187999183,LA BREA,60
Talara,Lobitos,-4.402752815839101,-81.2029600127491,LOBITOS,61
Talara,Los Organos,-4.194638666411124,-81.0650147540859,LOS ORGANOS,62
Talara,Mancora,-4.148453474524056,-81.00844623132963,MANCORA,63
Talara,Pariñas,-4.49858836481926,-81.04371069073413,PARINAS,64
Piura,Veintiséis de Octubre,-5.175,-80.66,VEINTISEIS DE OCTUBRE,65
